description,links,price,year,model,make
,/NewCars/ModelEngines/516?year=2014,,,,
,/NewCars/ModelEngines/449?year=2015,,,,
,/NewCars/ModelEngines/486?year=2015,,,,
,/NewCars/ModelEngines/497?year=2015,,,,
,/NewCars/ModelEngines/517?year=2015,,,,
,/NewCars/ModelEngines/476?year=2015,,,,
,/NewCars/ModelEngines/80?year=2016,,,,
,/NewCars/ModelEngines/101?year=2016,,,,
,/NewCars/ModelEngines/504?year=2016,,,,
,/NewCars/ModelEngines/549?year=2016,,,,
,/NewCars/ModelEngines/550?year=2016,,,,
,/NewCars/ModelEngines/554?year=2016,,,,
,/NewCars/ModelEngines/113?year=2015,,,,
,/NewCars/ModelEngines/390?year=2015,,,,
,/NewCars/ModelEngines/412?year=2015,,,,
,/NewCars/ModelEngines/112?year=2016,,,,
,/NewCars/ModelEngines/114?year=2016,,,,
,/NewCars/ModelEngines/324?year=2016,,,,
,/NewCars/ModelEngines/374?year=2016,,,,
,/NewCars/ModelEngines/419?year=2016,,,,
,/NewCars/ModelEngines/512?year=2016,,,,
,/NewCars/ModelEngines/528?year=2015,,,,
,/NewCars/ModelEngines/529?year=2015,,,,
,/NewCars/ModelEngines/530?year=2015,,,,
,/NewCars/ModelEngines/531?year=2015,,,,
,/NewCars/ModelEngines/242?year=2015,,,,
,/NewCars/ModelEngines/333?year=2015,,,,
,/NewCars/ModelEngines/479?year=2015,,,,
,/NewCars/ModelEngines/527?year=2015,,,,
,/NewCars/ModelEngines/470?year=2016,,,,
,/NewCars/ModelEngines/205?year=2014,,,,
,/NewCars/ModelEngines/290?year=2014,,,,
,/NewCars/ModelEngines/345?year=2014,,,,
,/NewCars/ModelEngines/381?year=2014,,,,
,/NewCars/ModelEngines/382?year=2014,,,,
,/NewCars/ModelEngines/383?year=2014,,,,
,/NewCars/ModelEngines/384?year=2014,,,,
,/NewCars/ModelEngines/438?year=2014,,,,
,/NewCars/ModelEngines/439?year=2014,,,,
,/NewCars/ModelEngines/440?year=2014,,,,
,/NewCars/ModelEngines/441?year=2014,,,,
,/NewCars/ModelEngines/442?year=2014,,,,
,/NewCars/ModelEngines/443?year=2014,,,,
,/NewCars/ModelEngines/444?year=2014,,,,
,/NewCars/ModelEngines/445?year=2014,,,,
,/NewCars/ModelEngines/446?year=2014,,,,
,/NewCars/ModelEngines/447?year=2014,,,,
,/NewCars/ModelEngines/448?year=2014,,,,
,/NewCars/ModelEngines/11?year=2016,,,,
,/NewCars/ModelEngines/44?year=2016,,,,
,/NewCars/ModelEngines/219?year=2016,,,,
,/NewCars/ModelEngines/238?year=2016,,,,
,/NewCars/ModelEngines/315?year=2016,,,,
,/NewCars/ModelEngines/330?year=2016,,,,
,/NewCars/ModelEngines/403?year=2016,,,,
,/NewCars/ModelEngines/416?year=2016,,,,
,/NewCars/ModelEngines/545?year=2016,,,,
,/NewCars/ModelEngines/555?year=2016,,,,
,/NewCars/ModelEngines/559?year=2016,,,,
,/NewCars/ModelEngines/562?year=2016,,,,
,/NewCars/ModelEngines/566?year=2016,,,,
,/NewCars/ModelEngines/567?year=2016,,,,
,/NewCars/ModelEngines/568?year=2016,,,,
,/NewCars/ModelEngines/279?year=2015,,,,
,/NewCars/ModelEngines/425?year=2015,,,,
,/NewCars/ModelEngines/323?year=2016,,,,
,/NewCars/ModelEngines/406?year=2016,,,,
,/NewCars/ModelEngines/425?year=2016,,,,
,/NewCars/ModelEngines/426?year=2016,,,,
,/NewCars/ModelEngines/477?year=2016,,,,
,/NewCars/ModelEngines/490?year=2016,,,,
,/NewCars/ModelEngines/515?year=2016,,,,
,/NewCars/ModelEngines/260?year=2014,,,,
,/NewCars/ModelEngines/168?year=2015,,,,
,/NewCars/ModelEngines/3?year=2016,,,,
,/NewCars/ModelEngines/168?year=2016,,,,
,/NewCars/ModelEngines/265?year=2016,,,,
,/NewCars/ModelEngines/454?year=2016,,,,
,/NewCars/ModelEngines/480?year=2016,,,,
,/NewCars/ModelEngines/301?year=2014,,,,
,/NewCars/ModelEngines/302?year=2015,,,,
,/NewCars/ModelEngines/459?year=2014,,,,
,/NewCars/ModelEngines/481?year=2015,,,,
,/NewCars/ModelEngines/502?year=2015,,,,
,/NewCars/ModelEngines/501?year=2016,,,,
,/NewCars/ModelEngines/93?year=2015,,,,
,/NewCars/ModelEngines/108?year=2015,,,,
,/NewCars/ModelEngines/155?year=2014,,,,
,/NewCars/ModelEngines/354?year=2014,,,,
,/NewCars/ModelEngines/498?year=2014,,,,
,/NewCars/ModelEngines/431?year=2015,,,,
,/NewCars/ModelEngines/432?year=2015,,,,
,/NewCars/ModelEngines/433?year=2015,,,,
,/NewCars/ModelEngines/526?year=2015,,,,
,/NewCars/ModelEngines/37?year=2016,,,,
,/NewCars/ModelEngines/314?year=2016,,,,
,/NewCars/ModelEngines/372?year=2016,,,,
,/NewCars/ModelEngines/385?year=2016,,,,
,/NewCars/ModelEngines/401?year=2016,,,,
,/NewCars/ModelEngines/465?year=2016,,,,
,/NewCars/ModelEngines/565?year=2016,,,,
,/NewCars/ModelEngines/87?year=2016,,,,
,/NewCars/ModelEngines/210?year=2016,,,,
,/NewCars/ModelEngines/420?year=2016,,,,
,/NewCars/ModelEngines/421?year=2016,,,,
,/NewCars/ModelEngines/434?year=2016,,,,
,/NewCars/ModelEngines/435?year=2016,,,,
,/NewCars/ModelEngines/436?year=2016,,,,
,/NewCars/ModelEngines/460?year=2016,,,,
,/NewCars/ModelEngines/482?year=2016,,,,
,/NewCars/ModelEngines/40?year=2015,,,,
,/NewCars/ModelEngines/473?year=2015,,,,
,/NewCars/ModelEngines/492?year=2015,,,,
,/NewCars/ModelEngines/41?year=2016,,,,
,/NewCars/ModelEngines/129?year=2015,,,,
,/NewCars/ModelEngines/128?year=2016,,,,
,/NewCars/ModelEngines/130?year=2016,,,,
,/NewCars/ModelEngines/437?year=2016,,,,
,/NewCars/ModelEngines/552?year=2016,,,,
,/NewCars/ModelEngines/133?year=2016,,,,
,/NewCars/ModelEngines/225?year=2016,,,,
,/NewCars/ModelEngines/295?year=2016,,,,
,/NewCars/ModelEngines/519?year=2016,,,,
,/NewCars/ModelEngines/524?year=2016,,,,
,/NewCars/ModelEngines/539?year=2016,,,,
,/NewCars/ModelEngines/8?year=2015,,,,
,/NewCars/ModelEngines/86?year=2015,,,,
,/NewCars/ModelEngines/184?year=2015,,,,
,/NewCars/ModelEngines/184?year=2016,,,,
,/NewCars/ModelEngines/514?year=2016,,,,
,/NewCars/ModelEngines/521?year=2016,,,,
,/NewCars/ModelEngines/213?year=2016,,,,
,/NewCars/ModelEngines/214?year=2016,,,,
,/NewCars/ModelEngines/334?year=2016,,,,
,/NewCars/ModelEngines/350?year=2016,,,,
,/NewCars/ModelEngines/57?year=2015,,,,
,/NewCars/ModelEngines/85?year=2015,,,,
,/NewCars/ModelEngines/347?year=2015,,,,
,/NewCars/ModelEngines/348?year=2015,,,,
,/NewCars/ModelEngines/523?year=2015,,,,
,/NewCars/ModelEngines/547?year=2015,,,,
,/NewCars/ModelEngines/23?year=2015,,,,
,/NewCars/ModelEngines/24?year=2015,,,,
,/NewCars/ModelEngines/25?year=2015,,,,
,/NewCars/ModelEngines/408?year=2015,,,,
,/NewCars/ModelEngines/395?year=2016,,,,
,/NewCars/ModelEngines/399?year=2016,,,,
,/NewCars/ModelEngines/17?year=2014,,,,
,/NewCars/ModelEngines/18?year=2016,,,,
,/NewCars/ModelEngines/21?year=2016,,,,
,/NewCars/ModelEngines/319?year=2016,,,,
,/NewCars/ModelEngines/54?year=2015,,,,
,/NewCars/ModelEngines/322?year=2015,,,,
,/NewCars/ModelEngines/533?year=2015,,,,
,/NewCars/ModelEngines/534?year=2015,,,,
,/NewCars/ModelEngines/535?year=2015,,,,
,/NewCars/ModelEngines/536?year=2015,,,,
,/NewCars/ModelEngines/563?year=2015,,,,
,/NewCars/ModelEngines/50?year=2014,,,,
,/NewCars/ModelEngines/207?year=2014,,,,
,/NewCars/ModelEngines/10?year=2016,,,,
,/NewCars/ModelEngines/121?year=2016,,,,
,/NewCars/ModelEngines/124?year=2016,,,,
,/NewCars/ModelEngines/169?year=2016,,,,
,/NewCars/ModelEngines/173?year=2016,,,,
,/NewCars/ModelEngines/197?year=2016,,,,
,/NewCars/ModelEngines/240?year=2016,,,,
,/NewCars/ModelEngines/358?year=2016,,,,
,/NewCars/ModelEngines/556?year=2016,,,,
,/NewCars/ModelEngines/557?year=2016,,,,
,/NewCars/ModelEngines/506?year=2013,,,,
,/NewCars/ModelEngines/507?year=2014,,,,
,/NewCars/ModelEngines/228?year=2016,,,,
,/NewCars/ModelEngines/503?year=2015,,,,
,/NewCars/ModelEngines/7?year=2016,,,,
,/NewCars/ModelEngines/489?year=2016,,,,
,/NewCars/ModelEngines/505?year=2016,,,,
,/NewCars/ModelEngines/508?year=2016,,,,
,/NewCars/ModelEngines/509?year=2016,,,,
,/NewCars/ModelEngines/538?year=2016,,,,
,/NewCars/ModelEngines/558?year=2016,,,,
,/NewCars/ModelEngines/29?year=2016,,,,
,/NewCars/ModelEngines/251?year=2016,,,,
,/NewCars/ModelEngines/410?year=2016,,,,
,/NewCars/ModelEngines/424?year=2016,,,,
,/NewCars/ModelEngines/500?year=2016,,,,
,/NewCars/ModelEngines/520?year=2016,,,,
,/NewCars/ModelEngines/78?year=2015,,,,
,/NewCars/ModelEngines/152?year=2016,,,,
,/NewCars/ModelEngines/140?year=2015,,,,
,/NewCars/ModelEngines/59?year=2016,,,,
,/NewCars/ModelEngines/122?year=2016,,,,
,/NewCars/ModelEngines/132?year=2016,,,,
,/NewCars/ModelEngines/202?year=2016,,,,
,/NewCars/ModelEngines/312?year=2016,,,,
,/NewCars/ModelEngines/313?year=2016,,,,
,/NewCars/ModelEngines/532?year=2016,,,,
,/NewCars/ModelEngines/560?year=2016,,,,
,/NewCars/ModelEngines/561?year=2016,,,,
